{"tau": 4.535172700881958, "dmp_list": [{"d_gain": 44.721359549995796, "k_gain": 500.0, "weights": [], "f_targets": [1699.7036264114163, 1806.4795921306466, 2854.9828734016123, 2361.591527207555, -451.48133447530756, -12497.132945768853, 8802.863821848097, 3445.530072722409, -2482.4553756799064, 2429.6137219250963, 2249.5102772549785, -428.2786438223109, -4752.487880769752, 3125.2337358564687, -5941.528537686593, -934.2989260422881, -221.277508014825, -3704.486560397574, 1145.4381233480813, 3770.1979209002197, 649.6019973348976, -10197.972365160855, 6120.79008065666, -1867.8355983486229, 7207.963245647653, -1444.698833034017, 21094.4902238962, -38533.22563962697, 63863.938586182354, -4124.002376547725, 13937.975986095786, 30341.391496431035, 66479.39754801009, -1124.1793967451495, 24940.433491325974, 44730.708126260666, -12460.702731764442, 68559.17433793827, 41332.82084577304, -5394.842004858902, 17426.179028499606, 43140.35815360836, 34219.37258033402, 4892.800419435569, -38175.31883837181, -28889.53958449181, -49580.1327610451, 209863.99086541496], "f_domain": [0.1612754314199959, 0.17491865820084257, 0.18260727257797107, 0.20657076559099558, 0.21498133755667745, 0.22019122912740602, 0.2344769261397906, 0.23933779881949704, 0.305652281820742, 0.3129080265565578, 0.3239237020206138, 0.33325920821865623, 0.3440295348102316, 0.3532671538000976, 0.35977812513192037, 0.36682258700540477, 0.38272741834895185, 0.4518100801008607, 0.46147720418782723, 0.4684558997361618, 0.48038226269067974, 0.4838567328709082, 0.492528582723076, 0.5023568895062127, 0.5072539836072046, 0.5230137715526, 0.5966215875570324, 0.6014099122521612, 0.6143695057058726, 0.6226709928396716, 0.6352274192689444, 0.6440322211885011, 0.6514256493820042, 0.6605779456334866, 0.6715433632183716, 0.77436867087834, 0.7838512181726603, 0.7937807241371824, 0.7990671065177373, 0.8223185252908319, 0.8339655785047261, 0.8428964982612402, 0.8550535427783132, 0.8658368018367046, 0.8768983717866565, 0.88238410341179, 0.992905543102361, 1.0]}, {"d_gain": 44.721359549995796, "k_gain": 500.0, "weights": [], "f_targets": [-1525.3929985407601, -2509.47786184757, 5215.539952545548, 2505.3533916951387, -12297.789277007592, -101491.26714227973, 34140.06135942534, -5778.361724662673, 3668.3585574026156, -25108.94917963438, -7247.985429267235, 8947.360195931986, -10708.298733426176, -10259.01568868053, 41592.91687487751, -34860.811294151805, -21948.679456942853, 9334.5401275027, -45113.338643247516, -6655.730588159811, -6748.724730641971, 85835.47269869105, -62615.56752894664, 32259.97180545363, -35985.06123013611, -721.1508327386881, -12614.556378790214, -32325.695946431668, 18140.672414619643, -41854.5604018547, -57894.34441853744, -1013.398904095736, -184868.3346204634, 57395.28744850932, -47897.74585155763, -28902.099079668897, -259472.41548509974, 21986.18823697394, -66282.5696664627, 107536.15944636017, 15025.529680777647, -58471.57614170309, -22611.1593016374, -775535.3074409021, 711770.0765756555, 468316.5818818948, 4227.819589946831, -128685.0922826684], "f_domain": [0.1612754314199959, 0.17491865820084257, 0.18260727257797107, 0.20657076559099558, 0.21498133755667745, 0.22019122912740602, 0.2344769261397906, 0.23933779881949704, 0.305652281820742, 0.3129080265565578, 0.3239237020206138, 0.33325920821865623, 0.3440295348102316, 0.3532671538000976, 0.35977812513192037, 0.36682258700540477, 0.38272741834895185, 0.4518100801008607, 0.46147720418782723, 0.4684558997361618, 0.48038226269067974, 0.4838567328709082, 0.492528582723076, 0.5023568895062127, 0.5072539836072046, 0.5230137715526, 0.5966215875570324, 0.6014099122521612, 0.6143695057058726, 0.6226709928396716, 0.6352274192689444, 0.6440322211885011, 0.6514256493820042, 0.6605779456334866, 0.6715433632183716, 0.77436867087834, 0.7838512181726603, 0.7937807241371824, 0.7990671065177373, 0.8223185252908319, 0.8339655785047261, 0.8428964982612402, 0.8550535427783132, 0.8658368018367046, 0.8768983717866565, 0.88238410341179, 0.992905543102361, 1.0]}, {"d_gain": 44.721359549995796, "k_gain": 500.0, "weights": [], "f_targets": [-388.87362695981943, 1402.076044224713, 628.2067920621906, 757.8387327441378, 3708.158310554459, 35466.754469061096, -15031.217223555748, 344.7904400707501, 4451.677763663089, 9046.851347055572, 3039.929499396169, 1140.0894967823995, 9222.405278739863, 2972.023878522341, -5021.4398606894, 8078.769982065606, 7743.421446756863, -4871.952902902041, -8445.454592833865, 6051.691035139742, 4393.041081829051, -95781.25628590824, 26307.021838174962, -12661.433845042344, 44996.68756737516, -2149.7096223616454, -30885.908587984428, 62903.67217259328, -40880.6100465316, 8113.325658129814, 3744.384546593297, -20399.34499845932, 76183.05542033105, -49460.87010990176, -5419.910407053268, 26891.120816261748, 82914.10575408034, -70447.16793363639, -21893.66170096188, 87045.55774063565, -4819.030324878155, 20804.769049945542, 28963.552025268702, 190495.95527168224, -86380.5713700689, -105236.70107924454, -46981.47542118956, 197769.86209936137], "f_domain": [0.1612754314199959, 0.17491865820084257, 0.18260727257797107, 0.20657076559099558, 0.21498133755667745, 0.22019122912740602, 0.2344769261397906, 0.23933779881949704, 0.305652281820742, 0.3129080265565578, 0.3239237020206138, 0.33325920821865623, 0.3440295348102316, 0.3532671538000976, 0.35977812513192037, 0.36682258700540477, 0.38272741834895185, 0.4518100801008607, 0.46147720418782723, 0.4684558997361618, 0.48038226269067974, 0.4838567328709082, 0.492528582723076, 0.5023568895062127, 0.5072539836072046, 0.5230137715526, 0.5966215875570324, 0.6014099122521612, 0.6143695057058726, 0.6226709928396716, 0.6352274192689444, 0.6440322211885011, 0.6514256493820042, 0.6605779456334866, 0.6715433632183716, 0.77436867087834, 0.7838512181726603, 0.7937807241371824, 0.7990671065177373, 0.8223185252908319, 0.8339655785047261, 0.8428964982612402, 0.8550535427783132, 0.8658368018367046, 0.8768983717866565, 0.88238410341179, 0.992905543102361, 1.0]}]}