times,hand_x,hand_y,hand_z,elbow_x,elbow_y,elbow_z,shoulder_x,shoulder_y,shoulder_z
1.6730704307556152,-64.1620048324417,14915.941998885954,157.3922691052408,1059.3869124144865,-416.2603709176188,-1132.3176568293907,0.0,0.0,0.0
1.8500471115112305,-233.37518005935132,-18291.66202879645,-2515.7007590760045,1036.6499703923569,-17791.92906442017,-1607.0509873224137,0.0,0.0,0.0
1.8922815322875977,3523.704465282121,81757.71297436893,2619.8120815784987,4810.892220133953,82230.93705262247,3487.6174254805096,0.0,0.0,0.0
1.9163341522216797,3496.60244775663,81757.58477084184,2656.4765626931644,4795.38301669653,82232.04152407015,3504.8034447307655,0.0,0.0,0.0
1.9757208824157715,3470.1528218518038,81788.47103863185,2684.5196260652388,4787.023168090988,82269.25364520658,3518.1699952699955,0.0,0.0,0.0
7.724327087402344,-232.3931201588154,-454.70267907110536,-3059.0247548342722,977.5472243681062,-37.49870433915059,-1549.1879738487412,0.0,0.0,0.0
