{"tau": 6.5947136878967285, "dmp_list": [{"d_gain": 10.0, "k_gain": 25.0, "weights": [], "f_targets": [0.0, -3138.2086758305845, 1132.0871003338245, 6795.004402176715, 67816.02844341083, -68242.59514965153, 86372.5579896576, -73627.71222313313, 94461.361108522, -96656.51230043417, 39414.03459671072, 59433.36087861931, -50099.88333700778, 55872.15174693698, -3350.777397454515, 43987.52519639092, -27149.549665078273, -35746.118568259604, 37564.56953851764, -627905.8732721758, -216457.720126921, 416163.23150643584, -1012907.3148709534, 761004.6226758258], "f_domain": [0.0, 0.031112390444708458, 0.3347587008844538, 0.35821775766611375, 0.39680687444654306, 0.42740036111046636, 0.46647255406443777, 0.49174406839797524, 0.5240050753005199, 0.5466308781046465, 0.5907327826655407, 0.6238248020606044, 0.6562379407202412, 0.6838062179806578, 0.7168307759073911, 0.757990225245383, 0.7816337345519203, 0.8199457025562401, 0.8378274023278328, 0.8653680948613811, 0.9074805368602449, 0.937036505186471, 0.9597271302910885, 1.0]}, {"d_gain": 10.0, "k_gain": 25.0, "weights": [], "f_targets": [0.0, 57.62226674913728, 591.8075241097705, 5234.919361357831, -48559.93729305686, 44392.65705027375, -33431.1761583544, 68167.70229465574, -27278.95272634694, 54417.045508141244, -24384.80739978153, -41741.522901660435, 45476.354392186724, 33532.99583406668, -47928.16239045554, -18230.274669152805, -57922.94793523186, 120957.2553243887, -74441.55571735087, -77770.19104809778, -97382.2981975392, 119986.87871593464, 481665.9601775941, -173303.41615986705], "f_domain": [0.0, 0.031112390444708458, 0.3347587008844538, 0.35821775766611375, 0.39680687444654306, 0.42740036111046636, 0.46647255406443777, 0.49174406839797524, 0.5240050753005199, 0.5466308781046465, 0.5907327826655407, 0.6238248020606044, 0.6562379407202412, 0.6838062179806578, 0.7168307759073911, 0.757990225245383, 0.7816337345519203, 0.8199457025562401, 0.8378274023278328, 0.8653680948613811, 0.9074805368602449, 0.937036505186471, 0.9597271302910885, 1.0]}, {"d_gain": 10.0, "k_gain": 25.0, "weights": [], "f_targets": [0.0, 7890.112340498181, -4685.917569699727, -20726.12861985046, -67764.98874313633, 74868.04459956141, -32391.974146692708, 24622.788498345395, -50093.59844858984, 40907.982903140735, -13306.480518899689, -19887.73386718583, 8950.738066146738, -12070.261068433438, -9476.779375265656, -28758.902530834705, 25626.810902403715, -42677.27594222922, 12224.660877337737, 124892.65061116229, 429851.62552298995, -545699.1712440853, 1273681.0909997488, -705641.9481089719], "f_domain": [0.0, 0.031112390444708458, 0.3347587008844538, 0.35821775766611375, 0.39680687444654306, 0.42740036111046636, 0.46647255406443777, 0.49174406839797524, 0.5240050753005199, 0.5466308781046465, 0.5907327826655407, 0.6238248020606044, 0.6562379407202412, 0.6838062179806578, 0.7168307759073911, 0.757990225245383, 0.7816337345519203, 0.8199457025562401, 0.8378274023278328, 0.8653680948613811, 0.9074805368602449, 0.937036505186471, 0.9597271302910885, 1.0]}]}