{"tau": 6.5947136878967285, "dmp_list": [{"d_gain": 44.721359549995796, "k_gain": 500.0, "weights": [], "f_targets": [0.0, -363.34742638022874, -346.0967126099268, 195.41608680973556, 8134.827859114674, -1659.4987361168414, 12558.584727669766, 2193.9270701726327, 16893.36622059481, 4560.929202370919, 15839.722784418922, 22025.211489141795, 15738.048810203463, 25255.569263350797, 24300.716872182384, 32742.968456479543, 30025.129117814366, 30003.076227090016, 35991.24811398105, -27295.443074686027, -28853.152517578765, 18868.970287279117, -96761.60116495739, 35253.97519143327], "f_domain": [0.0, 0.031112390444708458, 0.3347587008844538, 0.35821775766611375, 0.39680687444654306, 0.42740036111046636, 0.46647255406443777, 0.49174406839797524, 0.5240050753005199, 0.5466308781046465, 0.5907327826655407, 0.6238248020606044, 0.6562379407202412, 0.6838062179806578, 0.7168307759073911, 0.757990225245383, 0.7816337345519203, 0.8199457025562401, 0.8378274023278328, 0.8653680948613811, 0.9074805368602449, 0.937036505186471, 0.9597271302910885, 1.0]}, {"d_gain": 44.721359549995796, "k_gain": 500.0, "weights": [], "f_targets": [0.0, 68.52391287459189, 1149.3395549637753, 1714.840058156253, -4231.372847666394, 2503.4379686811644, -3765.1738918079386, 4165.352676122071, -1999.4028213295205, 4292.754143168044, -1129.0853060916777, -4524.895715022335, 2117.233905554715, 3297.5897557759695, -3280.4073562115173, -3364.163272876629, -8157.307177182412, 8376.685239165383, -3394.5725954754494, -7323.831934672496, -16672.302372648406, -1047.938041998917, 36618.40336056401, -4959.9994241501945], "f_domain": [0.0, 0.031112390444708458, 0.3347587008844538, 0.35821775766611375, 0.39680687444654306, 0.42740036111046636, 0.46647255406443777, 0.49174406839797524, 0.5240050753005199, 0.5466308781046465, 0.5907327826655407, 0.6238248020606044, 0.6562379407202412, 0.6838062179806578, 0.7168307759073911, 0.757990225245383, 0.7816337345519203, 0.8199457025562401, 0.8378274023278328, 0.8653680948613811, 0.9074805368602449, 0.937036505186471, 0.9597271302910885, 1.0]}, {"d_gain": 44.721359549995796, "k_gain": 500.0, "weights": [], "f_targets": [0.0, 916.7923637387642, 34.82956480711992, -1636.9819368626638, -9028.597955905334, 1348.2746405945886, -6629.8773322622355, -3147.666331222622, -10292.324177154804, -4746.2503277364785, -9405.824938535263, -11800.705538498263, -10876.20605100409, -13346.245269440005, -14875.462653844725, -19524.479879869585, -16840.93796156307, -24879.319791768452, -22790.84160828711, -12337.983416290026, 35975.854312666226, -37381.73622113011, 106525.60382891119, -32425.03715382996], "f_domain": [0.0, 0.031112390444708458, 0.3347587008844538, 0.35821775766611375, 0.39680687444654306, 0.42740036111046636, 0.46647255406443777, 0.49174406839797524, 0.5240050753005199, 0.5466308781046465, 0.5907327826655407, 0.6238248020606044, 0.6562379407202412, 0.6838062179806578, 0.7168307759073911, 0.757990225245383, 0.7816337345519203, 0.8199457025562401, 0.8378274023278328, 0.8653680948613811, 0.9074805368602449, 0.937036505186471, 0.9597271302910885, 1.0]}]}