{"tau": 4.535172700881958, "dmp_list": [{"d_gain": 63.245553203367585, "k_gain": 1000.0, "weights": [], "f_targets": [1699.7036264114163, 1847.7203080961651, 2486.5221622363742, 2425.281772739634, 888.4949129112377, -5743.33093835207, 5790.790577707589, 3184.6758811920536, -927.5302073881143, 1665.2145964870867, 1739.8540798311185, 328.2131659715997, -2268.6305251198883, 1912.8136742077988, -2950.666211449854, -483.38301065242393, -109.00864789629202, -2780.401617540802, -135.99082557230182, 1474.751011801444, 64.45619572328059, -5644.787107998711, 3022.857600234752, -1080.388417301065, 3783.673560997127, -690.1668249890015, 16833.011641115598, -14918.215346956818, 41906.771280329114, 6682.796619496111, 15848.351712671063, 25286.01780278641, 46491.77508335142, 11212.958773705177, 24911.66010628425, 44093.47254160894, 12157.124937294702, 55890.35843362186, 42693.40951740937, 13617.107020246664, 24410.77507271262, 38669.91661336086, 35024.2365115427, 18543.383094521265, -8306.474776826573, -5761.47037346374, -36851.5494738902, 106138.25333125447], "f_domain": [0.1612754314199959, 0.17491865820084257, 0.18260727257797107, 0.20657076559099558, 0.21498133755667745, 0.22019122912740602, 0.2344769261397906, 0.23933779881949704, 0.305652281820742, 0.3129080265565578, 0.3239237020206138, 0.33325920821865623, 0.3440295348102316, 0.3532671538000976, 0.35977812513192037, 0.36682258700540477, 0.38272741834895185, 0.4518100801008607, 0.46147720418782723, 0.4684558997361618, 0.48038226269067974, 0.4838567328709082, 0.492528582723076, 0.5023568895062127, 0.5072539836072046, 0.5230137715526, 0.5966215875570324, 0.6014099122521612, 0.6143695057058726, 0.6226709928396716, 0.6352274192689444, 0.6440322211885011, 0.6514256493820042, 0.6605779456334866, 0.6715433632183716, 0.77436867087834, 0.7838512181726603, 0.7937807241371824, 0.7990671065177373, 0.8223185252908319, 0.8339655785047261, 0.8428964982612402, 0.8550535427783132, 0.8658368018367046, 0.8768983717866565, 0.88238410341179, 0.992905543102361, 1.0]}, {"d_gain": 63.245553203367585, "k_gain": 1000.0, "weights": [], "f_targets": [-1525.3929985407601, -2192.530040083492, 2062.299963512679, 1167.725689115173, -7078.775542776233, -56111.07984740267, 16076.888710119463, -4073.2542847919, 2032.84241113622, -13884.388136900861, -5435.416705229803, 3496.0411129399426, -7133.647295921976, -7494.920909020119, 20847.707166197146, -19417.808948897793, -15181.043671061343, 4667.90296455456, -26019.500238619785, -6902.392312195953, -7118.372132074541, 41932.232092746504, -36561.23964629885, 13943.271976145807, -21555.145542472317, -3444.4224241142097, -11899.832998992668, -22748.513570169274, 5167.874713429249, -27256.78705856113, -39912.446730371965, -10430.581413161317, -112671.1774428553, 14768.961565718326, -40221.731657690536, -33045.340559840784, -165749.0964530108, -19196.9749591083, -64303.61314418379, 45833.75482668575, 2029.0957969140732, -38262.37544282558, -21156.53517626408, -461298.2751706899, 352318.6855562721, 252574.1448334608, 13765.84583151486, -61183.702044008125], "f_domain": [0.1612754314199959, 0.17491865820084257, 0.18260727257797107, 0.20657076559099558, 0.21498133755667745, 0.22019122912740602, 0.2344769261397906, 0.23933779881949704, 0.305652281820742, 0.3129080265565578, 0.3239237020206138, 0.33325920821865623, 0.3440295348102316, 0.3532671538000976, 0.35977812513192037, 0.36682258700540477, 0.38272741834895185, 0.4518100801008607, 0.46147720418782723, 0.4684558997361618, 0.48038226269067974, 0.4838567328709082, 0.492528582723076, 0.5023568895062127, 0.5072539836072046, 0.5230137715526, 0.5966215875570324, 0.6014099122521612, 0.6143695057058726, 0.6226709928396716, 0.6352274192689444, 0.6440322211885011, 0.6514256493820042, 0.6605779456334866, 0.6715433632183716, 0.77436867087834, 0.7838512181726603, 0.7937807241371824, 0.7990671065177373, 0.8223185252908319, 0.8339655785047261, 0.8428964982612402, 0.8550535427783132, 0.8658368018367046, 0.8768983717866565, 0.88238410341179, 0.992905543102361, 1.0]}, {"d_gain": 63.245553203367585, "k_gain": 1000.0, "weights": [], "f_targets": [-388.87362695981943, 669.2369097132242, 319.6790645066841, 487.82770548202006, 2197.9214773003114, 19617.719184536276, -7507.868202071751, 189.7597314799308, 3444.250674200979, 6167.986807975643, 3210.5811768041526, 2153.981700065612, 6762.739931512742, 3616.3012592272535, -827.1110563844016, 6039.765690261801, 6409.056529606546, -2325.541002218108, -4781.568967917046, 2852.1455262542827, 2433.049937334801, -50571.114866440046, 12560.011207678917, -7846.552362008039, 22946.52862372332, -952.9499538229624, -24382.217132442904, 25617.657376959738, -29415.40861421136, -3491.202442633031, -4260.406570738999, -17122.943342412906, 36401.092378684654, -29819.23607416612, -7611.5139262521325, 19641.987497557493, 53201.175281763666, -30314.369825536305, -7347.904342623699, 59500.930869860334, 11044.526132828822, 23914.47250660379, 28812.453995281096, 123735.88858282594, -25664.102873969638, -41182.258650965625, -33344.80803337774, 101378.4685549075], "f_domain": [0.1612754314199959, 0.17491865820084257, 0.18260727257797107, 0.20657076559099558, 0.21498133755667745, 0.22019122912740602, 0.2344769261397906, 0.23933779881949704, 0.305652281820742, 0.3129080265565578, 0.3239237020206138, 0.33325920821865623, 0.3440295348102316, 0.3532671538000976, 0.35977812513192037, 0.36682258700540477, 0.38272741834895185, 0.4518100801008607, 0.46147720418782723, 0.4684558997361618, 0.48038226269067974, 0.4838567328709082, 0.492528582723076, 0.5023568895062127, 0.5072539836072046, 0.5230137715526, 0.5966215875570324, 0.6014099122521612, 0.6143695057058726, 0.6226709928396716, 0.6352274192689444, 0.6440322211885011, 0.6514256493820042, 0.6605779456334866, 0.6715433632183716, 0.77436867087834, 0.7838512181726603, 0.7937807241371824, 0.7990671065177373, 0.8223185252908319, 0.8339655785047261, 0.8428964982612402, 0.8550535427783132, 0.8658368018367046, 0.8768983717866565, 0.88238410341179, 0.992905543102361, 1.0]}]}