{"tau": 7.724327087402344, "dmp_list": [{"d_gain": 44.721359549995796, "k_gain": 500.0, "weights": [], "f_targets": [287.9123443641568, -4104.145977753414, 986338.1838324568, -1391863.3598691658, 15303.282378765582, -45079.00395257258], "f_domain": [0.216597564011011, 0.23950916249112295, 0.24497687771064644, 0.24809075671420516, 0.25577902904163496, 1.0]}, {"d_gain": 44.721359549995796, "k_gain": 500.0, "weights": [], "f_targets": [26305.46872992938, -840947.1573243554, 27615709.17482098, -36597648.10090827, 256315.10895965146, -1034571.4173437575], "f_domain": [0.216597564011011, 0.23950916249112295, 0.24497687771064644, 0.24809075671420516, 0.25577902904163496, 1.0]}, {"d_gain": 44.721359549995796, "k_gain": 500.0, "weights": [], "f_targets": [5504.606945145969, -63708.967378435205, 1467368.8881115674, -1849277.0663695026, 9629.827041655499, -75298.27472765217], "f_domain": [0.216597564011011, 0.23950916249112295, 0.24497687771064644, 0.24809075671420516, 0.25577902904163496, 1.0]}]}