{"tau": 6.5947136878967285, "dmp_list": [{"d_gain": 63.245553203367585, "k_gain": 1000.0, "weights": [], "f_targets": [0.0, -257.67601384326156, -408.18223896666063, -61.554673286771546, 5658.13520835675, 31.080384290617207, 9523.30578574907, 3925.0032014062836, 13670.190295488079, 7034.296850229779, 14685.512353002769, 20089.236175658494, 17397.4942081388, 24055.363796623948, 25007.789948378853, 32264.156700181604, 31896.181088073554, 32976.1698534521, 37115.65942807455, -4005.0846256966743, -14368.15136740816, 12739.442801717902, -60283.757041418845, 16926.75846778726], "f_domain": [0.0, 0.031112390444708458, 0.3347587008844538, 0.35821775766611375, 0.39680687444654306, 0.42740036111046636, 0.46647255406443777, 0.49174406839797524, 0.5240050753005199, 0.5466308781046465, 0.5907327826655407, 0.6238248020606044, 0.6562379407202412, 0.6838062179806578, 0.7168307759073911, 0.757990225245383, 0.7816337345519203, 0.8199457025562401, 0.8378274023278328, 0.8653680948613811, 0.9074805368602449, 0.937036505186471, 0.9597271302910885, 1.0]}, {"d_gain": 63.245553203367585, "k_gain": 1000.0, "weights": [], "f_targets": [0.0, 68.9390660089272, 1187.2251642570377, 1611.0400117793838, -2458.1181299265536, 1473.5949677641065, -2501.965416244741, 2294.493684783414, -1199.3315877811601, 2645.97699990135, -454.6348423504214, -3028.4375744744725, 923.7776838179265, 2130.6684905907546, -1895.0906118784876, -2565.4932389614282, -5999.195220290993, 4626.844711640565, -1744.9158809260907, -4922.65139555211, -12854.613526828969, -4036.6361649919495, 21049.890437030957, -1603.4157649966178], "f_domain": [0.0, 0.031112390444708458, 0.3347587008844538, 0.35821775766611375, 0.39680687444654306, 0.42740036111046636, 0.46647255406443777, 0.49174406839797524, 0.5240050753005199, 0.5466308781046465, 0.5907327826655407, 0.6238248020606044, 0.6562379407202412, 0.6838062179806578, 0.7168307759073911, 0.757990225245383, 0.7816337345519203, 0.8199457025562401, 0.8378274023278328, 0.8653680948613811, 0.9074805368602449, 0.937036505186471, 0.9597271302910885, 1.0]}, {"d_gain": 63.245553203367585, "k_gain": 1000.0, "weights": [], "f_targets": [0.0, 651.2365374204642, 258.94496019979005, -863.0180558317048, -6418.903908064284, -459.9796498853077, -5475.270077745114, -3710.5479764308197, -8608.77433238405, -5765.3509820240715, -9078.994483904842, -11282.464822043701, -11358.627280205139, -13356.988257726518, -15063.19194388795, -19187.858950406164, -18270.179394321207, -24447.790559017085, -24006.329727771004, -17685.114795253518, 18189.699032960998, -25113.87975941749, 64175.62915092989, -15571.097585093725], "f_domain": [0.0, 0.031112390444708458, 0.3347587008844538, 0.35821775766611375, 0.39680687444654306, 0.42740036111046636, 0.46647255406443777, 0.49174406839797524, 0.5240050753005199, 0.5466308781046465, 0.5907327826655407, 0.6238248020606044, 0.6562379407202412, 0.6838062179806578, 0.7168307759073911, 0.757990225245383, 0.7816337345519203, 0.8199457025562401, 0.8378274023278328, 0.8653680948613811, 0.9074805368602449, 0.937036505186471, 0.9597271302910885, 1.0]}]}