{"tau": 6.5947136878967285, "dmp_list": [{"d_gain": 20.0, "k_gain": 100.0, "weights": [], "f_targets": [0.0, -1029.3594348166607, 23.213058604486044, 1793.5793320754176, 22970.423662060093, -15522.579605018112, 30837.3731019319, -13106.257866813172, 36185.81221935466, -16271.165925416699, 22140.734729712578, 32285.57333465567, 2060.728679031944, 32689.953669016122, 18530.975966046622, 35568.66933076678, 17069.872876348065, 13046.062011585187, 33400.48081177063, -172499.66938285212, -92280.01767355615, 91668.23916140017, -320635.35993118834, 186109.93943048216], "f_domain": [0.0, 0.031112390444708458, 0.3347587008844538, 0.35821775766611375, 0.39680687444654306, 0.42740036111046636, 0.46647255406443777, 0.49174406839797524, 0.5240050753005199, 0.5466308781046465, 0.5907327826655407, 0.6238248020606044, 0.6562379407202412, 0.6838062179806578, 0.7168307759073911, 0.757990225245383, 0.7816337345519203, 0.8199457025562401, 0.8378274023278328, 0.8653680948613811, 0.9074805368602449, 0.937036505186471, 0.9597271302910885, 1.0]}, {"d_gain": 20.0, "k_gain": 100.0, "weights": [], "f_targets": [0.0, 65.90733979991455, 973.7816304632994, 2483.896756975689, -15084.366636601488, 11140.495015342045, -11220.04480885561, 18107.19154039517, -7659.325441359546, 15666.624735000798, -6181.570724354143, -13655.965378093859, 11376.871958879818, 10593.444659816954, -13207.219859124978, -7515.118482479049, -20760.935729591412, 34050.87767534854, -17800.423227385727, -23526.46757425039, -37909.067641400216, 23940.748063201503, 139979.1314464075, -37710.08691491123], "f_domain": [0.0, 0.031112390444708458, 0.3347587008844538, 0.35821775766611375, 0.39680687444654306, 0.42740036111046636, 0.46647255406443777, 0.49174406839797524, 0.5240050753005199, 0.5466308781046465, 0.5907327826655407, 0.6238248020606044, 0.6562379407202412, 0.6838062179806578, 0.7168307759073911, 0.757990225245383, 0.7816337345519203, 0.8199457025562401, 0.8378274023278328, 0.8653680948613811, 0.9074805368602449, 0.937036505186471, 0.9597271302910885, 1.0]}, {"d_gain": 20.0, "k_gain": 100.0, "weights": [], "f_targets": [0.0, 2590.5030201225304, -1209.363825685243, -6336.531726788899, -24060.958174168198, 16509.120754725824, -13248.168724985071, 2277.871696584102, -20265.97836370684, 4408.184687467469, -10788.903519690091, -14268.751776007071, -6800.715320874042, -13134.851931851144, -13624.45902492362, -21703.192108390827, -7119.193071028675, -28533.927225398253, -14682.207444424319, 20903.27587265052, 137497.0428236815, -141616.5450273021, 381405.36014254007, -171993.66054975608], "f_domain": [0.0, 0.031112390444708458, 0.3347587008844538, 0.35821775766611375, 0.39680687444654306, 0.42740036111046636, 0.46647255406443777, 0.49174406839797524, 0.5240050753005199, 0.5466308781046465, 0.5907327826655407, 0.6238248020606044, 0.6562379407202412, 0.6838062179806578, 0.7168307759073911, 0.757990225245383, 0.7816337345519203, 0.8199457025562401, 0.8378274023278328, 0.8653680948613811, 0.9074805368602449, 0.937036505186471, 0.9597271302910885, 1.0]}]}