{"tau": 3.7454309463500977, "dmp_list": [{"d_gain": 44.721359549995796, "k_gain": 500.0, "weights": [], "f_targets": [-326.16897452369665, -1861.1738617463184, -285.9356115504879, -1346.6834829166773, -341.84437527800026, -902.4910931885967, -3498.133328916977, 20108.74987052802, -2162.4827180628254, -5191.696296376142, 12706.627734781985, 28975.464430250628, -10120.974360382506, 11613.57924595372, 28896.93861273249, -5383.07033136586, 36862.793979225185, 12474.542945742454, 21063.99542541005, 5766.081445689766, 30456.024965670233, 17073.81072455758, -3297.2886681516097, 5573.999948834566, 1322.86332053915, -28815.225202903854, -12732.960468432873, -27143.335902949915, 9403.232740986694, -16158.443700181415, -26628.102658928863, 39355.82633321618, -1828.8470379716587], "f_domain": [0.14309968072773402, 0.1557321835559633, 0.16470848550263548, 0.18392395774372106, 0.20417071836132536, 0.21166606702858834, 0.6885360148231552, 0.7013975513887288, 0.7090264500229033, 0.7277875468284238, 0.7373541930997571, 0.7472283607677302, 0.7562163117343952, 0.7725281225166264, 0.7780482939087211, 0.7921786824716495, 0.7989087605468191, 0.8158065234002713, 0.8236335190301701, 0.8390543389225713, 0.8473377469751379, 0.8614680718822194, 0.8686493426006061, 0.8816541684776755, 0.8924842559993726, 0.9055257476442881, 0.9142935766921825, 0.9225888247322827, 0.9412702244174154, 0.958435150860538, 0.973861954402553, 0.9885984739401874, 1.0]}, {"d_gain": 44.721359549995796, "k_gain": 500.0, "weights": [], "f_targets": [34.73103737626717, 2997.654592217866, -4965.151793831908, 242.29047369100277, -1983.733023841222, 2293.222958641378, -2514.793250578773, -18224.123413380585, 23989.974711967072, -1935.540616223184, -6307.237552750366, -39277.69952119984, 52726.64476514217, -11515.805737956212, -48686.82042386624, 21300.209812414047, 12937.731930454938, -10211.313871132343, 39611.024897747644, -22780.348562049094, 20857.301840826225, -73440.07465594116, 290638.1523241422, -8464.45629563606, -29733.715153646914, -31040.422012267427, -55431.2222762916, 52094.18692177702, 2821.133720846643, -15217.03369611241, 14826.616711403201, -35492.21156305503, 51225.49866942857], "f_domain": [0.14309968072773402, 0.1557321835559633, 0.16470848550263548, 0.18392395774372106, 0.20417071836132536, 0.21166606702858834, 0.6885360148231552, 0.7013975513887288, 0.7090264500229033, 0.7277875468284238, 0.7373541930997571, 0.7472283607677302, 0.7562163117343952, 0.7725281225166264, 0.7780482939087211, 0.7921786824716495, 0.7989087605468191, 0.8158065234002713, 0.8236335190301701, 0.8390543389225713, 0.8473377469751379, 0.8614680718822194, 0.8686493426006061, 0.8816541684776755, 0.8924842559993726, 0.9055257476442881, 0.9142935766921825, 0.9225888247322827, 0.9412702244174154, 0.958435150860538, 0.973861954402553, 0.9885984739401874, 1.0]}, {"d_gain": 44.721359549995796, "k_gain": 500.0, "weights": [], "f_targets": [591.1293265453639, 4047.4921146381835, 2464.9587368394423, 4271.888695744323, 2464.6777849017303, 4022.8292113145912, 1986.9225010138077, -24803.628880655742, -8367.712437436356, 9237.480219870797, -16778.602940341138, -25476.80046706263, 806.6498385845879, -12857.460341857408, -399.3735513502292, -5547.206633334807, -57668.17194531233, -11016.070307025377, -35106.60222844765, -1199.9179869458612, -39989.54113313218, 9452.468686694829, -73929.72640020552, -9051.050362220487, 14030.917664351462, 40350.572907043264, 36647.01642356289, 2717.983435932799, -11210.666180993354, 13003.582794634542, 28601.797580523053, -30914.05561080664, -904.1144245228527], "f_domain": [0.14309968072773402, 0.1557321835559633, 0.16470848550263548, 0.18392395774372106, 0.20417071836132536, 0.21166606702858834, 0.6885360148231552, 0.7013975513887288, 0.7090264500229033, 0.7277875468284238, 0.7373541930997571, 0.7472283607677302, 0.7562163117343952, 0.7725281225166264, 0.7780482939087211, 0.7921786824716495, 0.7989087605468191, 0.8158065234002713, 0.8236335190301701, 0.8390543389225713, 0.8473377469751379, 0.8614680718822194, 0.8686493426006061, 0.8816541684776755, 0.8924842559993726, 0.9055257476442881, 0.9142935766921825, 0.9225888247322827, 0.9412702244174154, 0.958435150860538, 0.973861954402553, 0.9885984739401874, 1.0]}]}