{"tau": 3.7454309463500977, "dmp_list": [{"d_gain": 63.245553203367585, "k_gain": 1000.0, "weights": [], "f_targets": [-326.16897452369665, -1256.481509642466, -461.30564190000933, -1119.668877902056, -586.4287979779222, -889.3811753889992, -3854.1839261318396, 10192.549247175666, -1086.9583760409, -3274.0482339016385, 6710.179320938229, 17056.127526352866, -3484.6646111534105, 8466.733667635222, 18270.459331184567, -17.496894475462273, 22933.294759313765, 11439.922949453681, 16582.895654141837, 8577.415790801253, 22388.128989233068, 16369.923554299328, 5300.972488976231, 9263.29851875075, 6427.250322324542, -12319.80246427766, -5417.047095378092, -14559.587676438463, 5068.4642949214285, -9773.802213340115, -17740.598125017616, 20169.72818216801, -653.0656962540625], "f_domain": [0.14309968072773402, 0.1557321835559633, 0.16470848550263548, 0.18392395774372106, 0.20417071836132536, 0.21166606702858834, 0.6885360148231552, 0.7013975513887288, 0.7090264500229033, 0.7277875468284238, 0.7373541930997571, 0.7472283607677302, 0.7562163117343952, 0.7725281225166264, 0.7780482939087211, 0.7921786824716495, 0.7989087605468191, 0.8158065234002713, 0.8236335190301701, 0.8390543389225713, 0.8473377469751379, 0.8614680718822194, 0.8686493426006061, 0.8816541684776755, 0.8924842559993726, 0.9055257476442881, 0.9142935766921825, 0.9225888247322827, 0.9412702244174154, 0.958435150860538, 0.973861954402553, 0.9885984739401874, 1.0]}, {"d_gain": 63.245553203367585, "k_gain": 1000.0, "weights": [], "f_targets": [34.73103737626717, 1800.5835595669964, -2567.082616441496, 85.35807482591026, -1292.2073770048808, 1013.7794127182403, -2494.779315143175, -11934.171116163085, 10922.601912938017, -2078.974409207604, -4613.309188935483, -23980.30127203453, 26258.648482479883, -7175.3440400324325, -27926.249999503845, 9839.244771447668, 6450.390859830826, -6333.236487295117, 21216.267679355737, -12742.908731994998, 10605.044045061455, -44228.860571689715, 155587.07250814326, 3787.086973510894, -10312.564102227472, -14653.110937069481, -30835.820143092005, 26705.098080826494, 2305.6290536977426, -8723.808540546652, 8132.572021916923, -20970.854027806254, 27286.50647412024], "f_domain": [0.14309968072773402, 0.1557321835559633, 0.16470848550263548, 0.18392395774372106, 0.20417071836132536, 0.21166606702858834, 0.6885360148231552, 0.7013975513887288, 0.7090264500229033, 0.7277875468284238, 0.7373541930997571, 0.7472283607677302, 0.7562163117343952, 0.7725281225166264, 0.7780482939087211, 0.7921786824716495, 0.7989087605468191, 0.8158065234002713, 0.8236335190301701, 0.8390543389225713, 0.8473377469751379, 0.8614680718822194, 0.8686493426006061, 0.8816541684776755, 0.8924842559993726, 0.9055257476442881, 0.9142935766921825, 0.9225888247322827, 0.9412702244174154, 0.958435150860538, 0.973861954402553, 0.9885984739401874, 1.0]}, {"d_gain": 63.245553203367585, "k_gain": 1000.0, "weights": [], "f_targets": [591.1293265453639, 2678.713187707739, 2006.5691671343072, 3346.6082675368475, 2560.6520536605303, 3475.304791212395, 3452.260341024323, -12688.342301746994, -4966.797954087277, 5185.621105717009, -9149.717535115402, -15389.106932730376, -1909.918912077342, -9839.977992700628, -3392.6025738391872, -6044.704855680937, -35038.508948213246, -11934.641132048877, -25602.50164379663, -7448.4144839310575, -28826.31173687897, -1744.4698138712602, -47212.55706991488, -14167.066043484387, -231.56894893096563, 17959.863952081098, 18949.71727892088, 2146.9063137876938, -6354.187877402462, 7510.91159892865, 18385.07293867529, -15315.32685067387, -390.6550565142796], "f_domain": [0.14309968072773402, 0.1557321835559633, 0.16470848550263548, 0.18392395774372106, 0.20417071836132536, 0.21166606702858834, 0.6885360148231552, 0.7013975513887288, 0.7090264500229033, 0.7277875468284238, 0.7373541930997571, 0.7472283607677302, 0.7562163117343952, 0.7725281225166264, 0.7780482939087211, 0.7921786824716495, 0.7989087605468191, 0.8158065234002713, 0.8236335190301701, 0.8390543389225713, 0.8473377469751379, 0.8614680718822194, 0.8686493426006061, 0.8816541684776755, 0.8924842559993726, 0.9055257476442881, 0.9142935766921825, 0.9225888247322827, 0.9412702244174154, 0.958435150860538, 0.973861954402553, 0.9885984739401874, 1.0]}]}