{"tau": 3.7454309463500977, "dmp_list": [{"d_gain": 6.324555320336759, "k_gain": 10.0, "weights": [], "f_targets": [-326.16897452369665, -49502.69501811802, 24123.760253142136, -12471.12537027799, 25055.49074269293, -785.3981253006929, 6855.154903707263, 779311.3555063526, -277231.65066022624, -268314.3849218071, 444670.6452059786, 878339.3623722927, -831635.9275293896, 117935.14860661954, 785463.7377164426, -641049.6967222462, 1144308.6553968913, -103704.78806420056, 214115.4531023108, -395421.8380188506, 602664.9199896869, -98787.74056889338, -901530.0349110953, -327567.4218188929, -388471.20380288037, -1233373.1977170722, -275255.40877871425, -698916.0803680787, 734966.8005722901, -264290.02909635426, -411250.65149419714, 1882191.4560250787, -126511.88700538268], "f_domain": [0.14309968072773402, 0.1557321835559633, 0.16470848550263548, 0.18392395774372106, 0.20417071836132536, 0.21166606702858834, 0.6885360148231552, 0.7013975513887288, 0.7090264500229033, 0.7277875468284238, 0.7373541930997571, 0.7472283607677302, 0.7562163117343952, 0.7725281225166264, 0.7780482939087211, 0.7921786824716495, 0.7989087605468191, 0.8158065234002713, 0.8236335190301701, 0.8390543389225713, 0.8473377469751379, 0.8614680718822194, 0.8686493426006061, 0.8816541684776755, 0.8924842559993726, 0.9055257476442881, 0.9142935766921825, 0.9225888247322827, 0.9412702244174154, 0.958435150860538, 0.973861954402553, 0.9885984739401874, 1.0]}, {"d_gain": 6.324555320336759, "k_gain": 10.0, "weights": [], "f_targets": [34.73103737626717, 97310.54730418252, -224104.13280827593, 23095.405560932984, -45872.82668260286, 132114.0094333039, -89.18986212446858, -508666.1930749221, 1245147.795212587, -34983.93629177224, -185443.46534134515, -1306410.5866037467, 2452530.984530389, -483034.2667934714, -1921903.3795642382, 1030864.0550624316, 473939.5002078011, -429249.6970018133, 1566897.552230864, -993867.1336924022, 895060.9673859526, -2427978.3548039687, 12315332.64330553, -1927014.2739189588, -2189163.037665957, -1517283.84483238, -2009418.8763367073, 2579487.754419456, 68981.4131821392, -484240.63940611714, 649894.5247766874, -1162225.3407357447, 2212305.576729038], "f_domain": [0.14309968072773402, 0.1557321835559633, 0.16470848550263548, 0.18392395774372106, 0.20417071836132536, 0.21166606702858834, 0.6885360148231552, 0.7013975513887288, 0.7090264500229033, 0.7277875468284238, 0.7373541930997571, 0.7472283607677302, 0.7562163117343952, 0.7725281225166264, 0.7780482939087211, 0.7921786824716495, 0.7989087605468191, 0.8158065234002713, 0.8236335190301701, 0.8390543389225713, 0.8473377469751379, 0.8614680718822194, 0.8686493426006061, 0.8816541684776755, 0.8924842559993726, 0.9055257476442881, 0.9142935766921825, 0.9225888247322827, 0.9412702244174154, 0.958435150860538, 0.973861954402553, 0.9885984739401874, 1.0]}, {"d_gain": 6.324555320336759, "k_gain": 10.0, "weights": [], "f_targets": [591.1293265453639, 111888.62815492509, 18452.73450390158, 49982.26301547134, -36624.35453375886, 25053.18898611083, -58516.49218353805, -910216.863611295, -37286.96389576595, 525632.9251112501, -546575.568902582, -672756.0174805245, 514964.3853868929, -51506.622326448894, 494083.5534737211, 189495.63167014066, -1885006.5827798038, 349708.36112307163, -608658.4727284207, 745862.9775520558, -865181.750098762, 1082375.1130721949, -2386527.0215472085, 633938.7209423782, 1284140.6119352598, 1693047.1746393568, 1056970.9687445066, -558581.9044539051, -815508.3914000702, 174491.91724056166, 514514.1402323964, -1621768.031419963, -92556.99560031742], "f_domain": [0.14309968072773402, 0.1557321835559633, 0.16470848550263548, 0.18392395774372106, 0.20417071836132536, 0.21166606702858834, 0.6885360148231552, 0.7013975513887288, 0.7090264500229033, 0.7277875468284238, 0.7373541930997571, 0.7472283607677302, 0.7562163117343952, 0.7725281225166264, 0.7780482939087211, 0.7921786824716495, 0.7989087605468191, 0.8158065234002713, 0.8236335190301701, 0.8390543389225713, 0.8473377469751379, 0.8614680718822194, 0.8686493426006061, 0.8816541684776755, 0.8924842559993726, 0.9055257476442881, 0.9142935766921825, 0.9225888247322827, 0.9412702244174154, 0.958435150860538, 0.973861954402553, 0.9885984739401874, 1.0]}]}