{"tau": 3.7454309464, "dmp_list": [{"d_gain": 63.245553203367585, "k_gain": 1000.0, "weights": [], "f_targets": [-815.422436272624, -3141.2037754722423, -1153.2641037111541, -2799.172194286499, -1466.071995249522, -2223.4529389511254, -9635.459814910068, 25481.373084833653, -2717.395882758019, -8185.120600005489, 16775.448305194794, 42640.31893671606, -8711.661595575093, 21166.834167742953, 45676.14813843643, -43.742186390448175, 57333.2368741694, 28599.80738480922, 41457.23922640883, 21443.53943241334, 55970.32261188773, 40924.80883691548, 13252.431234087564, 23158.24630137919, 16068.125838293847, -30799.5063600718, -13542.617460511667, -36398.96937740205, 12671.160758280841, -24434.505523992822, -44351.495299927825, 50424.32046212969, -1632.6642400061417], "f_domain": [0.14309968072303106, 0.15573218354502996, 0.1647084854929579, 0.1839239577389956, 0.20417071836153183, 0.21166606701479782, 0.688536014815259, 0.7013975513885875, 0.7090264500143824, 0.7277875468295671, 0.7373541931014573, 0.7472283607551281, 0.7562163117230553, 0.7725281225064637, 0.7780482939088688, 0.7921786824695949, 0.798908760546252, 0.8158065233953661, 0.8236335190120327, 0.8390543389194228, 0.8473377469555048, 0.8614680718653444, 0.8686493425882374, 0.8816541684673042, 0.8924842560007531, 0.9055257476205489, 0.9142935766821324, 0.9225888247175722, 0.9412702244019672, 0.9584351508470251, 0.9738619543916309, 0.9885984739243301, 1.0]}, {"d_gain": 63.245553203367585, "k_gain": 1000.0, "weights": [], "f_targets": [86.82759343680368, 4501.458901791018, -6417.7065412036345, 213.39518701265564, -3230.518441601724, 2534.4485348621206, -6236.948287438692, -29835.427770138333, 27306.50481797686, -5197.436030617357, -11533.27296905302, -59950.75328929636, 65646.62123654893, -17938.36009660878, -69815.6248199235, 24598.111907105762, 16125.977133676612, -15833.0912161054, 53040.66936483865, -31857.271843624807, 26512.61020996397, -110572.1514174181, 388967.6808533288, 9467.717499090139, -25781.410234246265, -36632.7774219936, -77089.55009142666, 66762.74511868713, 5764.0726354133285, -21809.521345950052, 20331.430048903185, -52427.13509035277, 68216.26607371235], "f_domain": [0.14309968072303106, 0.15573218354502996, 0.1647084854929579, 0.1839239577389956, 0.20417071836153183, 0.21166606701479782, 0.688536014815259, 0.7013975513885875, 0.7090264500143824, 0.7277875468295671, 0.7373541931014573, 0.7472283607551281, 0.7562163117230553, 0.7725281225064637, 0.7780482939088688, 0.7921786824695949, 0.798908760546252, 0.8158065233953661, 0.8236335190120327, 0.8390543389194228, 0.8473377469555048, 0.8614680718653444, 0.8686493425882374, 0.8816541684673042, 0.8924842560007531, 0.9055257476205489, 0.9142935766821324, 0.9225888247175722, 0.9412702244019672, 0.9584351508470251, 0.9738619543916309, 0.9885984739243301, 1.0]}, {"d_gain": 63.245553203367585, "k_gain": 1000.0, "weights": [], "f_targets": [1477.8233162971069, 6696.78297240038, 5016.4229147826045, 8366.520667038021, 6401.630134221277, 8688.261993990633, 8630.650850865493, -31720.85571038947, -12416.994994051423, 12964.05279000523, -22874.293842916497, -38472.7674523555, -4774.79720380298, -24599.94498070737, -8481.506351620475, -15111.762176952967, -87596.27233368169, -29836.602843977682, -64006.25425616808, -18621.036156292732, -72065.77951594756, -4361.174490609067, -118031.39258361502, -35417.66512537524, -578.9224357649063, 44899.66014338974, 47374.29276499836, 5367.266024782946, -15885.469716548392, 18777.27898851919, 45962.68233277201, -38288.31712662533, -976.6376507402775], "f_domain": [0.14309968072303106, 0.15573218354502996, 0.1647084854929579, 0.1839239577389956, 0.20417071836153183, 0.21166606701479782, 0.688536014815259, 0.7013975513885875, 0.7090264500143824, 0.7277875468295671, 0.7373541931014573, 0.7472283607551281, 0.7562163117230553, 0.7725281225064637, 0.7780482939088688, 0.7921786824695949, 0.798908760546252, 0.8158065233953661, 0.8236335190120327, 0.8390543389194228, 0.8473377469555048, 0.8614680718653444, 0.8686493425882374, 0.8816541684673042, 0.8924842560007531, 0.9055257476205489, 0.9142935766821324, 0.9225888247175722, 0.9412702244019672, 0.9584351508470251, 0.9738619543916309, 0.9885984739243301, 1.0]}]}