{"tau": 3.7454309463500977, "dmp_list": [{"d_gain": 20.0, "k_gain": 100.0, "weights": [], "f_targets": [-326.16897452369665, -6130.396647295063, 1470.3622402019635, -2618.714077602832, 1684.6853140769426, -938.7975556699051, -1850.0980372752952, 89039.657128333, -19066.05663694813, -24210.990402092702, 53062.66704583295, 108739.27744956185, -71583.65763685803, 26904.02938664325, 99976.26926882465, -53680.553974572336, 135695.9586412619, 10108.862020708926, 44874.87664278621, -22872.150251411702, 84313.8574810037, 13663.250768478758, -74803.23223467855, -22550.708051166628, -34110.2108334796, -140625.75391716236, -49031.265338277, -100350.48573334879, 58793.01388320637, -48766.89059162133, -73937.95885833763, 191015.07569582236, -11697.665364192351], "f_domain": [0.14309968072773402, 0.1557321835559633, 0.16470848550263548, 0.18392395774372106, 0.20417071836132536, 0.21166606702858834, 0.6885360148231552, 0.7013975513887288, 0.7090264500229033, 0.7277875468284238, 0.7373541930997571, 0.7472283607677302, 0.7562163117343952, 0.7725281225166264, 0.7780482939087211, 0.7921786824716495, 0.7989087605468191, 0.8158065234002713, 0.8236335190301701, 0.8390543389225713, 0.8473377469751379, 0.8614680718822194, 0.8686493426006061, 0.8816541684776755, 0.8924842559993726, 0.9055257476442881, 0.9142935766921825, 0.9225888247322827, 0.9412702244174154, 0.958435150860538, 0.973861954402553, 0.9885984739401874, 1.0]}, {"d_gain": 20.0, "k_gain": 100.0, "weights": [], "f_targets": [34.73103737626717, 11449.163712074822, -23373.328748898944, 1863.3311631971228, -6347.816263065185, 12745.727034630723, -2460.3140841412737, -62381.70089535383, 125621.19103794647, -3092.2289181102365, -20500.985626753933, -150307.90276466275, 254978.11351619635, -48497.10547074882, -206880.3724944801, 107430.60803826389, 56288.107727187846, -43142.99053207794, 173297.77808112072, -102464.39720357304, 96491.03464246825, -282272.868263179, 1311843.8442380005, -141593.14818149953, -197632.9398996206, -156283.0899917777, -229871.2899786833, 257127.45892084413, 7710.24920854157, -58978.66748210347, 67354.2699149657, -137166.4878351506, 233690.9527618324], "f_domain": [0.14309968072773402, 0.1557321835559633, 0.16470848550263548, 0.18392395774372106, 0.20417071836132536, 0.21166606702858834, 0.6885360148231552, 0.7013975513887288, 0.7090264500229033, 0.7277875468284238, 0.7373541930997571, 0.7472283607677302, 0.7562163117343952, 0.7725281225166264, 0.7780482939087211, 0.7921786824716495, 0.7989087605468191, 0.8158065234002713, 0.8236335190301701, 0.8390543389225713, 0.8473377469751379, 0.8614680718822194, 0.8686493426006061, 0.8816541684776755, 0.8924842559993726, 0.9055257476442881, 0.9142935766921825, 0.9225888247322827, 0.9412702244174154, 0.958435150860538, 0.973861954402553, 0.9885984739401874, 1.0]}, {"d_gain": 20.0, "k_gain": 100.0, "weights": [], "f_targets": [591.1293265453639, 13711.28588166571, 4716.735441954273, 9474.544953112754, 244.89866483113533, 6807.057925517145, -5670.919715780419, -106959.0824344619, -20686.608952155977, 47488.61682010739, -67154.24346754717, -89482.77763773115, 34667.007681949275, -24422.90767049296, 33385.633210505584, 5588.52591355583, -219610.41451401645, 9574.133460039615, -93635.00690398563, 55377.46852543578, -116146.6892260629, 97835.54822187468, -272714.34120840573, 38804.49530642433, 121888.51218791184, 192983.97491753433, 143299.2087149462, -22907.22848233264, -66124.51555189202, 38513.924323462605, 85128.14875911344, -158745.3789961834, -7033.654675858406], "f_domain": [0.14309968072773402, 0.1557321835559633, 0.16470848550263548, 0.18392395774372106, 0.20417071836132536, 0.21166606702858834, 0.6885360148231552, 0.7013975513887288, 0.7090264500229033, 0.7277875468284238, 0.7373541930997571, 0.7472283607677302, 0.7562163117343952, 0.7725281225166264, 0.7780482939087211, 0.7921786824716495, 0.7989087605468191, 0.8158065234002713, 0.8236335190301701, 0.8390543389225713, 0.8473377469751379, 0.8614680718822194, 0.8686493426006061, 0.8816541684776755, 0.8924842559993726, 0.9055257476442881, 0.9142935766921825, 0.9225888247322827, 0.9412702244174154, 0.958435150860538, 0.973861954402553, 0.9885984739401874, 1.0]}]}