{"tau": 3.7454309463500977, "dmp_list": [{"d_gain": 14.142135623730951, "k_gain": 50.0, "weights": [], "f_targets": [-326.16897452369665, -11149.226809568596, 3863.2562830508987, -3904.598863359044, 4256.89717093628, -945.8472285455598, -461.080864969479, 169390.2424507023, -44835.01804145126, -50041.233811121725, 99250.49543133675, 199728.47560996702, -153092.21676584543, 40491.592287163825, 181036.92630442302, -117055.94878437072, 252192.21882623943, 1202.3437388900734, 67909.07801103398, -62106.52867401729, 145662.86410402047, 4345.6107252226675, -165706.106474074, -56929.73800175111, -75381.73150213028, -269123.12738897617, -81977.75647552742, -176507.23099384934, 128754.2934936949, -79203.14042532412, -119776.16414817677, 379566.39576947136, -24292.271417211596], "f_domain": [0.14309968072773402, 0.1557321835559633, 0.16470848550263548, 0.18392395774372106, 0.20417071836132536, 0.21166606702858834, 0.6885360148231552, 0.7013975513887288, 0.7090264500229033, 0.7277875468284238, 0.7373541930997571, 0.7472283607677302, 0.7562163117343952, 0.7725281225166264, 0.7780482939087211, 0.7921786824716495, 0.7989087605468191, 0.8158065234002713, 0.8236335190301701, 0.8390543389225713, 0.8473377469751379, 0.8614680718822194, 0.8686493426006061, 0.8816541684776755, 0.8924842559993726, 0.9055257476442881, 0.9142935766921825, 0.9225888247322827, 0.9412702244174154, 0.958435150860538, 0.973861954402553, 0.9885984739401874, 1.0]}, {"d_gain": 14.142135623730951, "k_gain": 50.0, "weights": [], "f_targets": [34.73103737626717, 21384.62293220449, -45949.54230529256, 4093.99829561806, -11149.920298667055, 25932.639057753833, -2272.2553059538786, -114133.9871670533, 251034.7207987185, -5826.1531361862035, -38602.239165492916, -282751.3825929517, 502485.97979165765, -95985.7703408609, -400211.10314966686, 211986.96832240903, 105697.40300173452, -85373.66396046018, 332875.53137279325, -201725.39981655998, 187464.25192028822, -529418.4200860971, 2555255.5058559496, -327634.6470837475, -414511.4629029349, -309562.92172241537, -435442.3547446709, 514492.6753091641, 14249.335256316763, -109105.6210204608, 132441.00929461836, -256155.49635335486, 456715.63237823977], "f_domain": [0.14309968072773402, 0.1557321835559633, 0.16470848550263548, 0.18392395774372106, 0.20417071836132536, 0.21166606702858834, 0.6885360148231552, 0.7013975513887288, 0.7090264500229033, 0.7277875468284238, 0.7373541930997571, 0.7472283607677302, 0.7562163117343952, 0.7725281225166264, 0.7780482939087211, 0.7921786824716495, 0.7989087605468191, 0.8158065234002713, 0.8236335190301701, 0.8390543389225713, 0.8473377469751379, 0.8614680718822194, 0.8686493426006061, 0.8816541684776755, 0.8924842559993726, 0.9055257476442881, 0.9142935766921825, 0.9225888247322827, 0.9412702244174154, 0.958435150860538, 0.973861954402553, 0.9885984739401874, 1.0]}, {"d_gain": 14.142135623730951, "k_gain": 50.0, "weights": [], "f_targets": [591.1293265453639, 25071.88758278181, 6740.257292969503, 14748.258667139353, -3341.5095090642144, 9395.171340356945, -12970.896385670647, -201398.4853792173, -27762.350158365865, 98565.10815509305, -124167.22056650471, -160157.14112314134, 83772.10567214953, -31850.40712830238, 81117.15746475416, 23508.375647992703, -411363.75388914184, 42714.188378502025, -157010.25567113762, 129782.79637479768, -203992.78481241188, 207647.80986190698, -512836.274038913, 102496.47302156725, 253220.95446247436, 368966.0984883586, 257090.1092462666, -71817.60685795704, -143745.77105422947, 60098.59333811471, 141694.69705805226, -320234.7796732938, -15825.837057127208], "f_domain": [0.14309968072773402, 0.1557321835559633, 0.16470848550263548, 0.18392395774372106, 0.20417071836132536, 0.21166606702858834, 0.6885360148231552, 0.7013975513887288, 0.7090264500229033, 0.7277875468284238, 0.7373541930997571, 0.7472283607677302, 0.7562163117343952, 0.7725281225166264, 0.7780482939087211, 0.7921786824716495, 0.7989087605468191, 0.8158065234002713, 0.8236335190301701, 0.8390543389225713, 0.8473377469751379, 0.8614680718822194, 0.8686493426006061, 0.8816541684776755, 0.8924842559993726, 0.9055257476442881, 0.9142935766921825, 0.9225888247322827, 0.9412702244174154, 0.958435150860538, 0.973861954402553, 0.9885984739401874, 1.0]}]}